No. 0	UNF	80	0,3175	0.0600	1,5240	0.0519	0.0465	No.0-80 UNF
No. 1	UNC	64	0,3969	0.0730	1,8542	0.0629	0.0561	No.1-64 UNC
No. 1	UNF	72	0,3528	0.0730	1,8542	0.0640	0.0580	No.1-72 UNF
No. 2	UNC	56	0,4536	0.0860	2,1844	0.0744	0.0667	No.2-56 UNC
No. 2	UNF	64	0,3969	0.0860	2,1844	0.0759	0.0691	No.2-64 UNF
No. 3	UNC	48	0,5292	0.0990	2,5146	0.0855	0.0764	No.3-48 UNC
No. 3	UNF	56	0,4536	0.0990	2,5146	0.0874	0.0797	No.3-56 UNF
No. 4	UNC	40	0,6350	0.1120	2,8448	0.0958	0.0849	No.4-40 UNC
No. 4	UNF	48	0,5292	0.1120	2,8448	0.0985	0.0894	No.4-48 UNF
No. 5	UNC	40	0,6350	0.1250	3,1750	0.1088	0.0979	No.5-40 UNC
No. 5	UNF	44	0,5773	0.1250	3,1750	0.1102	0.1004	No.5-44 UNF
No. 6	UNC	32	0,7937	0.1380	3,5052	0.1177	0.1042	No.6-32 UNC
No. 6	UNF	40	0,6350	0.1380	3,5052	0.1218	0.1109	No.6-40 UNF
No. 8	UNC	32	0,7937	0.1640	4,1656	0.1437	0.1302	No.8-32 UNC
No. 8	UNF	36	0,7056	0.1640	4,1656	0.1460	0.1339	No.8-36 UNF
No. 10	UNC	24	1,0583	0.1900	4,8260	0.1629	0.1449	No.10-24 UNC
No. 10	UNF	32	0,7937	0.1900	4,8260	0.1697	0.1562	No.10-32 UNF
No. 12	UNC	24	1,0583	0.2160	5,4864	0.1889	0.1709	No.12-24 UNC
No. 12	UNF	28	0,9071	0.2160	5,4864	0.1928	0.1773	No.12-28 UNF
No. 12	UNEF	32	0,7937	0.2160	5,4864	0.1957	0.1822	No.12-32 UNEF
1/4	UNC	20	1,2700	0.2500	6,3500	0.2175	0.1959	1/4 - 20 UNC
1/4	UNF	28	0,9071	0.2500	6,3500	0.2268	0.2113	1/4 - 28 UNF
1/4	UNEF	32	0,7937	0.2500	6,3500	0.2297	0.2162	1/4 - 32 UNEF
5/16	UNC	18	1,4111	0.3125	7,9375	0.2764	0.2524	5/16 - 18 UNC
5/16	UN 20	20	1,2700	0.3125	7,9375	0.2800	0.2584	5/16 - 20 UN 20
5/16	UNF	24	1,0583	0.3125	7,9375	0.2854	0.2674	5/16 - 24 UNF
5/16	UN 28	28	0,9071	0.3125	7,9375	0.2893	0.2738	5/16 - 28 UN 28
5/16	UNEF	32	0,7937	0.3125	7,9375	0.2922	0.2787	5/16 - 32 UNEF
3/8	UNC	16	1,5875	0.3750	9,5250	0.3344	0.3073	3/8 - 16 UNC
3/8	UN 20	20	1,2700	0.3750	9,5250	0.3425	0.3209	3/8 - 20 UN 20
3/8	UNF	24	1,0583	0.3750	9,5250	0.3479	0,3299	3/8 - 24 UNF
3/8	UN 28	28	0,9071	0.3750	9,5250	0.3518	0.3363	3/8 - 28 UN 28
3/8	UNEF	32	0,7937	0.3750	9,5250	0.3547	0.3412	3/8 - 32 UNEF
7/16	UNC	14	1,8143	0.4375	11,1125	0.3911	0.3602	7/16 - 14 UNC
7/16	UN 16	16	1,5875	0.4375	11,1125	0.3969	0.3698	7/16 - 16 UN 16
7/16	UNF	20	1,2700	0.4375	11,1125	0.4050	0.3834	7/16 - 20 UNF
7/16	UNEF	28	0,9071	0.4375	11,1125	0.4143	0.3988	7/16 - 28 UNEF
7/16	UN 32	32	0,7937	0.4375	11,1125	0.4172	0.4037	7/16 - 32 UN 32
1/2	UNC	13	1,9538	0.5000	12,7000	0.4500	0.4167	1/2 - 13 UNC
1/2	UN 16	16	1,5875	0.5000	12,7000	0.4594	0.4323	1/2 - 16 UN 16
1/2	UNF	20	1,2700	0.5000	12,7000	0.4675	0.4459	1/2 - 20 UNF
1/2	UNEF	28	0,9071	0.5000	12,7000	0.4768	0.4613	1/2 - 28 UNEF
1/2	UN 32	32	0,7937	0.5000	12,7000	0.4797	0.4662	1/2 - 32 UN 32
9/16	UNC	12	2,1167	0.5625	14,2875	0.5084	0.4723	9/16 - 12 UNC
9/16	UN 16	16	1,5875	0.5625	14,2875	0.5219	0.4948	9/16 - 16 UN 16
9/16	UNF	18	1,4111	0.5625	14,2875	0.5264	0.5024	9/16 - 18 UNF
9/16	UN 20	20	1,2700	0.5625	14,2875	0.5300	0.5084	9/16 - 20 UN 20
9/16	UNEF	24	1,0583	0.5625	14,2875	0.5354	0.5174	9/16 - 24 UNEF
9/16	UN 28	28	0,9071	0.5625	14,2875	0.5393	0.5238	9/16 - 28 UN 28
9/16	UN 32	32	0,7937	0.5625	14,2875	0.5422	0.5287	9/16 - 32 UN 32
5/8	UNC	11	2,3091	0.6250	15,8750	0.5660	0.5266	5/8 - 11 UNC
5/8	UN 12	12	2,1167	0.6250	15,8750	0.5709	0.5348	5/8 - 12 UN 12
5/8	UN 16	16	1,5875	0.6250	15,8750	0.5844	0.5573	5/8 - 16 UN 16
5/8	UNF	18	1,4111	0.6250	15,8750	0.5889	0.5649	5/8 - 18 UNF
5/8	UN 20	20	1,2700	0.6250	15,8750	0.5925	0.5709	5/8 - 20 UN 20
5/8	UNEF	24	1,0583	0.6250	15,8750	0.5979	0.5799	5/8 - 24 UNEF
5/8	UN 28	28	0,9071	0.6250	15,8750	0.6018	0.5863	5/8 - 28 UN 28
5/8	UN 32	32	0,7937	0.6250	15,8750	0.6047	0.5912	5/8 - 32 UN 32
11/16	UN 12	12	2,1167	0.6875	17,4625	0.6334	0.5973	11/16 - 12 UN 12
11/16	UN 16	16	1,5875	0.6875	17,4625	0.6469	0.6198	11/16 - 16 UN 16
11/16	UN 20	20	1,2700	0.6875	17,4625	0.6550	0.6334	11/16 - 20 UN 20
11/16	UNEF	24	1,0583	0.6875	17,4625	0.6604	0.6424	11/16 - 24 UNEF
11/16	UN 28	28	0,9071	0.6875	17,4625	0.6643	0.6488	11/16 - 28 UN 28
11/16	UN 32	32	0,7937	0.6875	17,4625	0.6672	0.6537	11/16 - 32 UN 32
3/4	UNC	10	2,5400	0.7500	19,0500	0.6850	0.6417	3/4 - 10 UNC
3/4	UN 12	12	2,1167	0.7500	19,0500	0.6959	0.6598	3/4 - 12 UN 12
3/4	UNF	16	1,5875	0.7500	19,0500	0.7094	0.6823	3/4 - 16 UNF
3/4	UNEF	20	1,2700	0.7500	19,0500	0.7175	0.6959	3/4 - 20 UNEF
3/4	UN 28	28	0,9071	0.7500	19,0500	0.7268	0.7113	3/4 - 28 UN 28
3/4	UN 32	32	0,7937	0.7500	19,0500	0.7297	0.7162	3/4 - 32 UN 32
13/16	UN 12	12	2,1167	0.8125	20,6375	0.7584	0.7223	13/16 - 12 UN 12
13/16	UN 16	16	1,5875	0.8125	20,6375	0.7719	0.7448	13/16 - 16 UN 16
13/16	UNEF	20	1,2700	0.8125	20,6375	0.7800	0.7584	13/16 - 20 UNEF
13/16	UN 28	28	0,9071	0.8125	20,6375	0.7893	0.7738	13/16 - 28 UN 28
13/16	UN 32	32	0,7937	0.8125	20,6375	0.7922	0.7787	13/16 - 32 UN 32
7/8	UNC	9	2,8222	0.8750	22,2250	0.8028	0.7547	7/8 - 9 UNC
7/8	UN 12	12	2,1167	0.8750	22,2250	0.8209	0.7848	7/8 - 12 UN 12
7/8	UNF	14	1,8143	0.8750	22,2250	0.8286	0.7977	7/8 - 14 UNF
7/8	UN 16	16	1,5875	0.8750	22,2250	0.8344	0.8073	7/8 - 16 UN 16
7/8	UNEF	20	1,2700	0.8750	22,2250	0.8425	0.8209	7/8 - 20 UNEF
7/8	UN 28	28	0,9071	0.8750	22,2250	0.8518	0.8363	7/8 - 28 UN 28
7/8	UN 32	32	0,7937	0.8750	22,2250	0.8547	0.8412	7/8 - 32 UN 32
15/16	UN 12	12	2,1167	0.9375	23,8125	0.8834	0.8473	15/16 - 12 UN 12
15/16	UN 16	16	1,5875	0.9375	23,8125	0.8969	0.8698	15/16 - 16 UN 16
15/16	UNEF	20	1,2700	0.9375	23,8125	0.9050	0.8834	15/16 - 20 UNEF
15/16	UN 28	28	0,9071	0.9375	23,8125	0.9143	0.8988	15/16 - 28 UN 28
15/16	UN 32	32	0,7937	0.9375	23,8125	0.9172	0.9037	15/16 - 32 UN 32
1	UNC	8	3,1750	1.0000	25,4000	0.9188	0.8647	1 - 8 UNC
1	UNF	12	2,1167	1.0000	25,4000	0.9459	0.9098	1 - 12 UNF
1	UN 16	16	1,5875	1.0000	25,4000	0.9594	0.9323	1 - 16 UN 16
1	UNEF	20	1,2700	1.0000	25,4000	0.9675	0.9459	1 - 20 UNEF
1	UN 28	28	0,9071	1.0000	25,4000	0.9768	0.9613	1 - 28 UN 28
1	UN 32	32	0,7937	1.0000	25,4000	0.9797	0.9662	1 - 32 UN 32
1 1/16	UN 8	8	3,1750	1.0625	26,9875	0.9813	0.9272	1 1/16 - 8 UN 8
1 1/16	UN 12	12	2,1167	1.0625	26,9875	1.0084	0.9723	1 1/16 - 12 UN 12
1 1/16	UN 16	16	1,5875	1.0625	26,9875	1.0219	0.9948	1 1/16 - 16 UN 16
1 1/16	UNEF	18	1,4111	1.0625	26,9875	1.0264	1.0024	1 1/16 - 18 UNEF
1 1/16	UN 20	20	1,2700	1.0625	26,9875	1.0300	1.0084	1 1/16 - 20 UN 20
1 1/16	UN 28	28	0,9071	1.0625	26,9875	1.0393	1.0238	1 1/16 - 28 UN 28
1 1/8	UNC	7	3,6286	1.1250	28,5750	1.0322	0.9704	1 1/8 - 7 UNC
1 1/8	UN 8	8	3,1750	1.1250	28,5750	1.0438	0.9897	1 1/8 - 8 UN 8
1 1/8	UNF	12	2,1167	1.1250	28,5750	1.0709	1.0348	1 1/8 - 12 UNF
1 1/8	UN 16	16	1,5875	1.1250	28,5750	1.0844	1.0573	1 1/8 - 16 UN 16
1 1/8	UNEF	18	1,4111	1.1250	28,5750	1.0889	1.0649	1 1/8 - 18 UNEF
1 1/8	UN 20	20	1,2700	1.1250	28,5750	1.0925	1.0709	1 1/8 - 20 UN 20
1 1/8	UN 28	28	0,9071	1.1250	28,5750	1.1018	1.0863	1 1/8 - 28 UN 28
1 3/16	UN 8	8	3,1750	1.1875	30,1625	1.1063	1.0522	1 3/16 - 8 UN 8
1 3/16	UN 12	12	2,1167	1.1875	30,1625	1.1334	1.0973	1 3/16 - 12 UN 12
1 3/16	UN 16	16	1,5875	1.1875	30,1625	1.1469	1.1198	1 3/16 - 16 UN 16
1 3/16	UNEF	18	1,4111	1,1875	30,1625	1.1514	1.1274	1 3/16 - 18 UNEF
1 3/16	UN 20	20	1,2700	1.1875	30,1625	1.1550	1.1334	1 3/16 - 20 UN 20
1 3/16	UN 28	28	0,9071	1.1875	30,1625	1.1643	1.1488	1 3/16 - 28 UN 28
1 1/4	UNC	7	3,6286	1.2500	31,7500	1.1572	1.0954	1 1/4 - 7 UNC
1 1/4	UN 8	8	3,1750	1.2500	31,7500	1.1688	1.1147	1 1/4 - 8 UN 8
1 1/4	UNF	12	2,1167	1.2500	31,7500	1.1959	1.1598	1 1/4 - 12 UNF
1 1/4	UN 16	16	1,5875	1.2500	31,7500	1.2094	1.1823	1 1/4 - 16 UN 16
1 1/4	UNEF	18	1,4111	1.2500	31,7500	1.2139	1.1899	1 1/4 - 18 UNEF
1 1/4	UN 20	20	1,2700	1.2500	31,7500	1.2175	1.1959	1 1/4 - 20 UN 20
1 1/4	UN 28	28	0,9071	1.2500	31,7500	1.2268	1.2113	1 1/4 - 28 UN 28
1 5/16	UN 8	8	3,1750	1.3125	33,3375	1.2313	1.1772	1 5/16 - 8 UN 8
1 5/16	UN 12	12	2,1167	1.3125	33,3375	1.2584	1.2223	1 5/16 - 12 UN 12
1 5/16	UN 16	16	1,5875	1.3125	33,3375	1.2719	1.2448	1 5/16 - 16 UN 16
1 5/16	UNEF	18	1,4111	1.3125	33,3375	1.2764	1.2524	1 5/16 - 18 UNEF
1 5/16	UN 20	20	1,2700	1.3125	33,3375	1.2800	1.2584	1 5/16 - 20 UN 20
1 5/16	UN 28	28	0,9071	1.3125	33,3375	1.2893	1.2738	1 5/16 - 28 UN 28
1 3/8	UNC	6	4,2333	1.3750	34,9250	1.2667	1.1946	1 3/8 - 6 UNC
1 3/8	UN 8	8	3,1750	1.3750	34,9250	1.2938	1.2397	1 3/8 - 8 UN 8
1 3/8	UNF	12	2,1167	1.3750	34,9250	1.3209	1.2848	1 3/8 - 12 UNF
1 3/8	UN 16	16	1,5875	1.3750	34,9250	1.3344	1.3073	1 3/8 - 16 UN 16
1 3/8	UNEF	18	1,4111	1.3750	34,9250	1.3389	1.3149	1 3/8 - 18 UNEF
1 3/8	UN 20	20	1,2700	1.3750	34,9250	1.3425	1.3209	1 3/8 - 20 UN 20
1 3/8	UN 28	28	0,9071	1.3750	34,9250	1.3518	1.3363	1 3/8 - 28 UN 28
1 7/16	UN 6	6	4,2333	1.4375	36,5125	1.3292	1.2571	1 7/16 - 6 UN 6
1 7/16	UN 8	8	3,1750	1.4375	36,5125	1.3563	1.3022	1 7/16 - 8 UN 8
1 7/16	UN 12	12	2,1167	1.4375	36,5125	1.3834	1.3473	1 7/16 - 12 UN 12
1 7/16	UN 16	16	1,5875	1.4375	36,5125	1.3969	1.3698	1 7/16 - 16 UN 16
1 7/16	UNEF	18	1,4111	1.4375	36,5125	1.4014	1.3774	1 7/16 - 18 UNEF
1 7/16	UN 20	20	1,2700	1.4375	36,5125	1.4050	1.3834	1 7/16 - 20 UN 20
1 7/16	UN 28	28	0,9071	1.4375	36,5125	1.4143	1.3988	1 7/16 - 28 UN 28
1 1/2	UN 6	6	4,2333	1.5000	38,1000	1.3917	1.3196	1 1/2 - 6 UN 6
1 1/2	UN 8	8	3,1750	1.5000	38,1000	1.4188	1.3647	1 1/2 - 8 UN 8
1 1/2	UNF	12	2,1167	1.5000	38,1000	1.4459	1.4098	1 1/2 - 12 UNF
1 1/2	UN 16	16	1,5875	1.5000	38,1000	1.4594	1.4323	1 1/2 - 16 UN 16
1 1/2	UNEF	18	1,4111	1.5000	38,1000	1.4639	1.4399	1 1/2 - 18 UNEF
1 1/2	UN 20	20	1,2700	1.5000	38,1000	1.4675	1.4459	1 1/2 - 20 UN 20
1 1/2	UN 28	28	0,9071	1.5000	38,1000	1.4768	1.4613	1 1/2 - 28 UN 28
1 9/16	UN 6	6	4,2333	1.5625	39,6875	1.4542	1.3821	1 9/16 - 6 UN 6
1 9/16	UN 8	8	3,1750	1.5625	39,6875	1.4813	1.4272	1 9/16 - 8 UN 8
1 9/16	UN 12	12	2,1167	1.5625	39,6875	1.5084	1.4723	1 9/16 - 12 UN 12
1 9/16	UN 16	16	1,5875	1.5625	39,6875	1.5219	1.4948	1 9/16 - 16 UN 16
1 9/16	UNEF	18	1,4111	1.5625	39,6875	1.5264	1.5024	1 9/16 - 18 UNEF
1 9/16	UN 20	20	1,2700	1.5625	39,6875	1.5300	1.5084	1 9/16 - 20 UN 20
1 5/8	UN 6	6	4,2333	1.6250	41,2750	1.5167	1.4446	1 5/8 - 6 UN 6
1 5/8	UN 8	8	3,1750	1.6250	41,2750	1.5438	1.4897	1 5/8 - 8 UN 8
1 5/8	UN 12	12	2,1167	1.6250	41,2750	1.5709	1.5348	1 5/8 - 12 UN 12
1 5/8	UN 16	16	1,5875	1.6250	41,2750	1.5844	1.5573	1 5/8 - 16 UN 16
1 5/8	UNEF	18	1,4111	1.6250	41,2750	1.5889	1.5649	1 5/8 - 18 UNEF
1 5/8	UN 20	20	1,2700	1.6250	41,2750	1.5925	1.5709	1 5/8 - 20 UN 20
1 11/16	UN 6	6	4,2333	1.6875	42,8625	1.5792	1.5071	1 11/16 - 6 UN 6
1 11/16	UN 8	8	3,1750	1.6875	42,8625	1.6063	1.5522	1 11/16 - 8 UN 8
1 11/16	UN 12	12	2,1167	1.6875	42,8625	1.6334	1,5973	1 11/16 - 12 UN 12
1 11/16	UN 16	16	1,5875	1.6875	42,8625	1.6469	1.6198	1 11/16 - 16 UN 16
1 11/16	UNEF	18	1,4111	1,6875	42,8625	1.6514	1.6274	1 11/16 - 18 UNEF
1 11/16	UN 20	20	1,2700	1.6875	42,8625	1.6550	1.6334	1 11/16 - 20 UN 20
1 3/4	UNC	5	5,0800	1.7500	44,4500	1.6201	1.5335	1 3/4 - 5 UNC
1 3/4	UN 6	6	4,2333	1.7500	44,4500	1.6417	1.5696	1 3/4 - 6 UN 6
1 3/4	UN 8	8	3,1750	1.7500	44,4500	1.6688	1.6147	1 3/4 - 8 UN 8
1 3/4	UN 12	12	2,1167	1.7500	44,4500	1.6959	1.6598	1 3/4 - 12 UN 12
1 3/4	UN 16	16	1,5875	1.7500	44,4500	1.7094	1.6823	1 3/4 - 16 UN 16
1 3/4	UN 20	20	1,2700	1.7500	44,4500	1.7175	1.6959	1 3/4 - 20 UN 20
1 13/16	UN 6	6	4,2333	1.8125	46,0375	1.7042	1.6321	1 13/16 - 6 UN 6
1 13/16	UN 8	8	3,1750	1.8125	46,0375	1.7313	1.6772	1 13/16 - 8 UN 8
1 13/16	UN 12	12	2,1167	1.8125	46,0375	1.7584	1.7223	1 13/16 - 12 UN 12
1 13/16	UN 16	16	1,5875	1.8125	46,0375	1.7719	1.7448	1 13/16 - 16 UN 16
1 13/16	UN 20	20	1,2700	1.8125	46,0375	1.7800	1.7584	1 13/16 - 20 UN 20
1 7/8	UN 6	6	4,2333	1.8750	47,6250	1.7667	1.6946	1 7/8 - 6 UN 6
1 7/8	UN 8	8	3,1750	1.8750	47,6250	1.7938	1.7397	1 7/8 - 8 UN 8
1 7/8	UN 12	12	2,1167	1.8750	47,6250	1.8209	1.7848	1 7/8 - 12 UN 12
1 7/8	UN 16	16	1,5875	1.8750	47,6250	1.8344	1.8073	1 7/8 - 16 UN 16
1 7/8	UN 20	20	1,2700	1.8750	47,6250	1.8425	1.8209	1 7/8 - 20 UN 20
2	UN 6	6	4,2333	2.0000	50,8000	1.8917	1.8196	2 - 6 UN 6
2	UN 8	8	3,1750	2.0000	50,8000	1.9188	1.8647	2 - 8 UN 8
2	UN 12	12	2,1167	2.0000	50,8000	1.9459	1.9098	2 - 12 UN 12
2	UN 16	16	1,5875	2.0000	50,8000	1.9594	1.9323	2 - 16 UN 16
2	UN 20	20	1,2700	2.0000	50,8000	1.9675	1.9459	2 - 20 UN 20
2 1/8	UN 6	6	4,2333	2.1250	53,9750	2.0167	1.9446	2 1/8 - 6 UN 6
2 1/8	UN 8	8	3,1750	2.1250	53,9750	2.0438	1.9897	2 1/8 - 8 UN 8
2 1/8	UN 12	12	2,1167	2.1250	53,9750	2.0709	2.0348	2 1/8 - 12 UN 12
2 1/8	UN 16	16	1,5875	2.1250	53,9750	2.0844	2.0573	2 1/8 - 16 UN 16
2 1/8	UN 20	20	1,2700	2.1250	53,9750	2.0925	2.0709	2 1/8 - 20 UN 20
2 1/4	UNC	4 1/2	5,6444	2.2500	57,1500	2.1057	2.0094	2 1/4 - 4 1/2 UNC
2 1/4	UN 6	6	4,2333	2.2500	57,1500	2.1417	2.0696	2 1/4 - 6 UN 6
2 1/4	UN 8	8	3,1750	2.2500	57,1500	2.1688	2.1147	2 1/4 - 8 UN 8
2 1/4	UN 12	12	2,1167	2.2500	57,1500	2.1959	2.1598	2 1/4 - 12 UN 12
2 1/4	UN 16	16	1,5875	2,2500	57,1500	2.2094	2.1823	2 1/4 - 16 UN 16
2 1/4	UN 20	20	1,2700	2.2500	57,1500	2.2175	2.1959	2 1/4 - 20 UN 20
2 3/8	UN 6	6	4,2333	2.3750	60,3250	2.2667	2.1946	2 3/8 - 6 UN 6
2 3/8	UN 8	8	3,1750	2.3750	60,3250	2.2938	2.2397	2 3/8 - 8 UN 8
2 3/8	UN 12	12	2,1167	2.3750	60,3250	2.3209	2.2848	2 3/8 - 12 UN 12
2 3/8	UN 16	16	1,5875	2.3750	60,3250	2.3344	2.3073	2 3/8 - 16 UN 16
2 3/8	UN 20	20	1,2700	2.3750	60,3250	2.3425	2.3209	2 3/8 - 20 UN 20
2 1/2	UNC	4	6,3500	2.5000	63,5000	2.3376	2.2294	2 1/2 - 4 UNC
2 1/2	UN 6	6	4,2333	2.5000	63,5000	2.3917	2.3196	2 1/2 - 6 UN 6
2 1/2	UN 8	8	3,1750	2.5000	63,5000	2.4188	2.3647	2 1/2 - 8 UN 8
2 1/2	UN 12	12	2,1167	2.5000	63,5000	2.4459	2.4098	2 1/2 - 12 UN 12
2 1/2	UN 16	16	1,5875	2.5000	63,5000	2.4594	2.4323	2 1/2 - 16 UN 16
2 1/2	UN 20	20	1,2700	2.5000	63,5000	2.4675	2.4459	1 2/2 - 20 UN 20
2 5/8	UN 4	4	6,3500	2.6250	66,6750	2.4626	2.3544	2 5/8 - 4 UN 4
2 5/8	UN 6	6	4,2333	2.6250	66,6750	2.5167	2.4446	2 5/8 - 6 UN 6
2 5/8	UN 8	8	3,1750	2.6250	66,6750	2.5438	2.4897	2 5/8 - 8 UN 8
2 5/8	UN 12	12	2,1167	2.6250	66,6750	2.5709	2.5348	2 5/8 - 12 UN 12
2 5/8	UN 16	16	1,5875	2.6250	66,6750	2.5844	2.5573	2 5/8 - 16 UN 16
2 5/8	UN 20	20	1,2700	2.6250	66,6750	2.5925	2.5709	2 5/8 - 20 UN 20
2 3/4	UNC	4	6,3500	2.7500	69,8500	2.5876	2.4794	2 3/4 - 4 UNC
2 3/4	UN 6	6	4,2333	2.7500	69,8500	2.6417	2.5696	2 3/4 - 6 UN 6
2 3/4	UN 8	8	3,1750	2.7500	69,8500	2.6688	2.6147	2 3/4 - 8 UN 8
2 3/4	UN 12	12	2,1167	2.7500	69,8500	2.6959	2.6598	2 3/4 - 12 UN 12
2 3/4	UN 16	16	1,5875	2.7500	69,8500	2.7094	2.6823	2 3/4 - 16 UN 16
2 3/4	UN 20	20	1,2700	2.7500	69,8500	2,7175	2.6959	2 3/4 - 20 UN 20
2 7/8	UN 4	4	6,3500	2.8750	73,0250	2.7126	2.6044	2 7/8 - 4 UN 4
2 7/8	UN 6	6	4,2333	2.8750	73,0250	2.7667	2.6946	2 7/8 - 6 UN 6
2 7/8	UN 8	8	3,1750	2.8750	73,0250	2.7938	2.7397	2 7/8 - 8 UN 8
2 7/8	UN 12	12	2,1167	2.8750	73,0250	2.8209	2.7848	2 7/8 - 12 UN 12
2 7/8	UN 16	16	1,5875	2.8750	73,0250	2.8344	2.8073	2 7/8 - 16 UN 16
2 7/8	UN 20	20	1,2700	2.8750	73,0250	2.8425	2.8209	2 7/8 - 20 UN 20
3	UNC	4	6,3500	3.0000	76,2000	2.8376	2.7294	3 - 4 UNC
3	UN 6	6	4,2333	3.0000	76,2000	2.8917	2.8196	3 - 6 UN 6
3	UN 8	8	3,1750	3.0000	76,2000	2.9188	2.8647	3 - 8 UN 8
3	UN 12	12	2,1167	3.0000	76,2000	2.9459	2.9098	3 - 12 UN 12
3	UN 16	16	1,5875	3.0000	76,2000	2.9594	2.9323	3 - 16 UN 16
3	UN 20	20	1,2700	3.0000	76,2000	2.9675	2.9459	3 - 20 UN 20
3 1/8	UN 4	4	6,3500	3.1250	79,3750	2.9626	2.8544	3 1/8 - 4 UN 4
3 1/8	UN 6	6	4,2333	3.1250	79,3750	3.0167	2.9446	3 1/8 - 6 UN 6
3 1/8	UN 8	8	3,1750	3.1250	79,3750	3.0438	2.9897	3 1/8 - 8 UN 8
3 1/8	UN 12	12	2,1167	3.1250	79,3750	3.0709	3.0348	3 1/8 - 12 UN 12
3 1/8	UN 16	16	1,5875	3.1250	79,3750	3.0844	3.0573	3 1/8 - 16 UN 16
3 1/4	UNC	4	6,3500	3.2500	82,5500	3.0876	2.9794	3 1/4 - 4 UNC
3 1/4	UN 6	6	4,2333	3.2500	82,5500	3.1417	3.0696	3 1/4 - 6 UN 6
3 1/4	UN 8	8	3,1750	3.2500	82,5500	3.1688	3.1147	3 1/4 - 8 UN 8
3 1/4	UN 12	12	2,1167	3.2500	82,5500	3.1959	3.1598	3 1/4 - 12 UN 12
3 1/4	UN 16	16	1,5875	3.2500	82,5500	3.2094	3.1823	3 1/4 - 16 UN 16
3 3/8	UN 4	4	6,3500	3.3750	85,7250	3.2126	3.1044	3 3/8 - 4 UN 4
3 3/8	UN 6	6	4,2333	3.3750	85,7250	3.2667	3.1946	3 3/8 - 6 UN 6
3 3/8	UN 8	8	3,1750	3.3750	85,7250	3.2938	3.2397	3 3/8 - 8 UN 8
3 3/8	UN 12	12	2,1167	3.3750	85,7250	3.3209	3.2848	3 3/8 - 12 UN 12
3 3/8	UN 16	16	1,5875	3.3750	85,7250	3.3344	3.3073	3 3/8 - 16 UN 16
3 1/2	UNC	4	6,3500	3.5000	88,9000	3.3376	3.2294	3 1/2 - 4 UNC
3 1/2	UN 6	6	4,2333	3.5000	88,9000	3.3917	3.3196	3 1/2 - 6 UN 6
3 1/2	UN 8	8	3,1750	3.5000	88,9000	3.4188	3.3647	3 1/2 - 8 UN 8
3 1/2	UN 12	12	2,1167	3.5000	88,9000	3.4459	3.4098	3 1/2 - 12 UN 12
3 1/2	UN 16	16	1,5875	3.5000	88,9000	3.4594	3.4323	3 1/2 - 16 UN 16
3 5/8	UN 4	4	6,3500	3.6250	92,0750	3.4626	3.3544	3 5/8 - 4 UN 4
3 5/8	UN 6	6	4,2333	3.6250	92,0750	3.5167	3.4446	3 5/8 - 6 UN 6
3 5/8	UN 8	8	3,1750	3.6250	92,0750	3.5438	3.4897	3 5/8 - 8 UN 8
3 5/8	UN 12	12	2,1167	3.6250	92,0750	3.5709	3.5348	3 5/8 - 12 UN 12
3 5/8	UN 16	16	1,5875	3.6250	92,0750	3.5844	3.5573	3 5/8 - 16 UN 16
3 7/8	UN 4	4	6,3500	3.8750	98,4250	3.7126	3.6044	3 7/8 - 4 UN 4
3 7/8	UN 6	6	4,2333	3.8750	98,4250	3.7667	3.6946	3 7/8 - 6 UN 6
3 7/8	UN 8	8	3,1750	3.8750	98,4250	3.7938	3.7397	3 7/8 - 8 UN 8
3 7/8	UN 12	12	2,1167	3.8750	98,4250	3.8209	3.7848	3 7/8 - 12 UN 12
3 7/8	UN 16	16	1,5875	3.8750	98,4250	3.8344	3.8073	3 7/8 - 16 UN 16
4	UNC	4	6,3500	4.0000	101,6000	3.8376	3.7294	4 - 4 UNC
4	UN 6	6	4,2333	4.0000	101,6000	3.8917	3.8196	4 - 6 UN 6
4	UN 8	8	3,1750	4.0000	101,6000	3.9188	3.8647	4 - 8 UN 8
4	UN 12	12	2,1167	4.0000	101,6000	3.9459	3.9098	4 - 12 UN 12
4	UN 16	16	1,5875	4.0000	101,6000	3.9594	3.9323	4 - 16 UN 16
4 1/8	UN 4	4	6,3500	4.1250	104,7750	3.9626	3.8544	4 1/8 - 4 UN 4
4 1/8	UN 6	6	4,2333	4.1250	104,7750	4.0167	3.9446	4 1/8 - 6 UN 6
4 1/8	UN 8	8	3,1750	4.1250	104,7750	4.0438	3.9897	4 1/8 - 8 UN 8
4 1/8	UN 12	12	2,1167	4.1250	104,7750	4.0709	4.0348	4 1/8 - 12 UN 12
4 1/8	UN 16	16	1,5875	4.1250	104,7750	4.0844	4.0573	4 1/8 - 16 UN 16
4 1/4	UN 4	4	6,3500	4.2500	107,9500	4.0876	3.9794	4 1/4 - 4 UN 4
4 1/4	UN 6	6	4,2333	4.2500	107,9500	4.1417	4.0696	4 1/4 - 6 UN 6
4 1/4	UN 8	8	3,1750	4.2500	107,9500	4.1688	4.1147	4 1/4 - 8 UN 8
4 1/4	UN 12	12	2,1167	4.2500	107,9500	4.1959	4.1598	4 1/4 - 12 UN 12
4 1/4	UN 16	16	1,5875	4.2500	107,9500	4.2094	4.1823	4 1/4 - 16 UN 16
4 3/8	UN 4	4	6,3500	4.3750	111,1250	4.2126	4.1044	4 3/8 - 4 UN 4
4 3/8	UN 6	6	4,2333	4.3750	111,1250	4.2667	4.1946	4 3/8 - 6 UN 6
4 3/8	UN 8	8	3,1750	4,3750	111,1250	4.2938	4.2397	4 3/8 - 8 UN 8
4 3/8	UN 12	12	2,1167	4.3750	111,1250	4.3209	4.2848	4 3/8 - 12 UN 12
4 3/8	UN 16	16	1,5875	4.3750	111,1250	4.3344	4.3073	4 3/8 - 16 UN 16
4 1/2	UN 4	4	6,3500	4.5000	114,3000	4.3376	4.2294	4 1/2 - 4 UN 4
4 1/2	UN 6	6	4,2333	4.5000	114,3000	4.3917	4.3196	4 1/2 - 6 UN 6
4 1/2	UN 8	8	3,1750	4.5000	114,3000	4.4188	4.3647	4 1/2 - 8 UN 8
4 1/2	UN 12	12	2,1167	4.5000	114,3000	4.4459	4.4098	4 1/2 - 12 UN 12
4 1/2	UN 16	16	1,5875	4.5000	114,3000	4.4594	4.4323	4 1/2 - 16 UN 16
4 5/8	UN 4	4	6,3500	4.6250	117,4750	4.4626	4.3544	4 5/8 - 4 UN 4
4 5/8	UN 6	6	4,2333	4.6250	117,4750	4.5167	4.4446	4 5/8 - 6 UN 6
4 5/8	UN 8	8	3,1750	4.6250	117,4750	4.5438	4.4897	4 5/8 - 8 UN 8
4 5/8	UN 12	12	2,1167	4.6250	117,4750	4.5709	4.5348	4 5/8 - 12 UN 12
4 5/8	UN 16	16	1,5875	4.6250	117,4750	4.5844	4.5573	4 5/8 - 16 UN 16
4 3/4	UN 4	4	6,3500	4.7500	120,6500	4.5876	4.4794	4 3/4 - 4 UN 4
4 3/4	UN 6	6	4,2333	4.7500	120,6500	4.6417	4.5696	4 3/4 - 6 UN 6
4 3/4	UN 8	8	3,1750	4.7500	120,6500	4.6688	4.6147	4 3/4 - 8 UN 8
4 3/4	UN 12	12	2,1167	4.7500	120,6500	4.6959	4.6598	4 3/4 - 12 UN 12
4 3/4	UN 16	16	1,5875	4.7500	120,6500	4.7094	4.6823	4 3/4 - 16 UN 16
4 7/8	UN 4	4	6,3500	4.8750	123,8250	4.7126	4.6044	4 7/8 - 4 UN 4
4 7/8	UN 6	6	4,2333	4.8750	123,8250	4.7667	4.6946	4 7/8 - 6 UN 6
4 7/8	UN 8	8	3,1750	4.8750	123,8250	4.7938	4.7397	4 7/8 - 8 UN 8
4 7/8	UN 12	12	2,1167	4.8750	123,8250	4.8209	4.7848	4 7/8 - 12 UN 12
4 7/8	UN 16	16	1,5875	4.8750	123,8250	4.8344	4.8073	4 7/8 - 16 UN 16
5	UN 4	4	6,3500	5.0000	127,0000	4.8376	4.7294	5 - 4 UN 4
5	UN 6	6	4,2333	5.0000	127,0000	4.8917	4.8196	5 - 6 UN 6
5	UN 8	8	3,1750	5.0000	127,0000	4.9188	4.8647	5 - 8 UN 8
5	UN 12	12	2,1167	5.0000	127,0000	4.9459	4.9098	5 - 12 UN 12
5	UN 16	16	1,5875	5.0000	127,0000	4.9594	4.9323	5 - 16 UN 16
5 1/8	UN 4	4	6,3500	5.1250	130,1750	4.9626	4.8544	5 1/8 - 4 UN 4
5 1/8	UN 6	6	4,2333	5.1250	130,1750	5.0167	4.9446	5 1/8 - 6 UN 6
5 1/8	UN 8	8	3,1750	5.1250	130,1750	5.0438	4.9897	5 1/8 - 8 UN 8
5 1/8	UN 12	12	2,1167	5.1250	130,1750	5.0709	5.0348	5 1/8 - 12 UN 12
5 1/8	UN 16	16	1,5875	5.1250	130,1750	5.0844	5.0573	5 1/8 - 16 UN 16
5 1/4	UN 4	4	6,3500	5.2500	133,3500	5.0876	4.9794	5 1/4 - 4 UN 4
5 1/4	UN 6	6	4,2333	5.2500	133,3500	5.1417	5.0696	5 1/4 - 6 UN 6
5 1/4	UN 8	8	3,1750	5.2500	133,3500	5.1688	5.1147	5 1/4 - 8 UN 8
5 1/4	UN 12	12	2,1167	5.2500	133,3500	5.1959	5.1598	5 1/4 - 12 UN 12
5 1/4	UN 16	16	1,5875	5.2500	133,3500	5.2094	5.1823	5 1/4 - 16 UN 16
5 3/8	UN 4	4	6,3500	5.3750	136,5250	5.2126	5.1044	5 3/8 - 4 UN 4
5 3/8	UN 6	6	4,2333	5.3750	136,5250	5.2667	5.1946	5 3/8 - 6 UN 6
5 3/8	UN 8	8	3,1750	5.3750	136,5250	5.2938	5.2397	5 3/8 - 8 UN 8
5 3/8	UN 12	12	2,1167	5.3750	136,5250	5.3209	5.2848	5 3/8 - 12 UN 12
5 3/8	UN 16	16	1,5875	5.3750	136,5250	5.3344	5.3073	5 3/8 - 16 UN 16
5 1/2	UN 4	4	6,3500	5.5000	139,7000	5.3376	5.2294	5 1/2 - 4 UN 4
5 1/2	UN 6	6	4,2333	5.5000	139,7000	5.3917	5.3196	5 1/2 - 6 UN 6
5 1/2	UN 8	8	3,1750	5.5000	139,7000	5.4188	5.3647	5 1/2 - 8 UN 8
5 1/2	UN 12	12	2,1167	5.5000	139,7000	5.4459	5.4098	5 1/2 - 12 UN 12
5 1/2	UN 16	16	1,5875	5.5000	139,7000	5.4594	5.4323	5 1/2 - 16 UN 16
5 5/8	UN 4	4	6,3500	5.6250	142,8750	5.4626	5.3544	5 5/8 - 4 UN 4
5 5/8	UN 6	6	4,2333	5.6250	142,8750	5.5167	5.4446	5 5/8 - 6 UN 6
5 5/8	UN 8	8	3,1750	5.6250	142,8750	5.5438	5.4897	5 5/8 - 8 UN 8
5 5/8	UN 12	12	2,1167	5.6250	142,8750	5.5709	5.5348	5 5/8 - 12 UN 12
5 5/8	UN 16	16	1,5875	5.6250	142,8750	5.5844	5.5573	5 5/8 - 16 UN 16
5 3/4	UN 4	4	6,3500	5.7500	146,0500	5.5876	5.4794	5 3/4 - 4 UN 4
5 3/4	UN 6	6	4,2333	5.7500	146,0500	5.6417	5.5696	5 3/4 - 6 UN 6
5 3/4	UN 8	8	3,1750	5.7500	146,0500	5.6688	5.6147	5 3/4 - 8 UN 8
5 3/4	UN 12	12	2,1167	5.7500	146,0500	5.6959	5.6598	5 3/4 - 12 UN 12
5 3/4	UN 16	16	1,5875	5.7500	146,0500	5.7094	5.6823	5 3/4 - 16 UN 16
5 7/8	UN 4	4	6,3500	5.8750	149,2250	5.7126	5.6044	5 7/8 - 4 UN 4
5 7/8	UN 6	6	4,2333	5.8750	149,2250	5.7667	5.6946	5 7/8 - 6 UN 6
5 7/8	UN 8	8	3,1750	5.8750	149,2250	5.7938	5.7397	5 7/8 - 8 UN 8
5 7/8	UN 12	12	2,1167	5.8750	149,2250	5.8209	5.7848	5 7/8 - 12 UN 12
5 7/8	UN 16	16	1,5875	5.8750	149,2250	5.8344	5.8073	5 7/8 - 16 UN 16
6	UN 4	4	6,3500	6.0000	152,4000	5.8376	5.7294	6 - 4 UN 4
6	UN 6	6	4,2333	6.0000	152,4000	5.8917	5.8196	6 - 6 UN 6
6	UN 8	8	3,1750	6.0000	152,4000	5.9188	5.8647	6 - 8 UN 8
6	UN 12	12	2,1167	6.0000	152,4000	5.9459	5.9098	6 - 12 UN 12
6	UN 16	16	1,5875	6.0000	152,4000	5.9594	5.9323	6 - 16 UN 16
