6	j6	16	-	0,25	0,6	10	5,5	-	-	-	M4	6	-
7	j6	16	-	0,25	0,6	10	6,5	-	-	-	M4	6	-
8	j6	20	-	0,6	0,6	12	7,4	-	-	-	M6	8	-
9	j6	20	-	0,6	1	12	8,4	-	-	-	M6	8	-
10	j6	23	20	0,6	1	15	9,25	-	-	-	M6	8	-
11	j6	23	20	0,6	1	15	10,25	-	-	2x2	M6	8	-
12	j6	30	25	0,6	1	18	11,1	-	-	2x2	M8x1	12	M4
14	j6	30	25	0,6	1	18	13,1	-	-	3x3	M8x1	12	M4
16	j6	40	28	0,6	1	28	14,6	16	15,2	3x3	M10x1	12	M4
18	j6	40	28	0,6	1,6	28	16,6	16	17,2	4x4	M10x1	12	M5
(19)	j6	40	28	1	1,6	28	17,6	16	18,2	4x4	M10x1	12	M5
20	j6	50	36	1	1,6	36	18,2	22	18,9	4x4	M12x1,5	14	M6
22	j6	50	36	1	1,6	36	20,2	22	20,9	4x4	M12x1,5	14	M6
(24)	j6	50	36	1	1,6	36	22,2	22	22,9	5x5	M12x1,5	14	M6
25	j6	60	42	1	1,6	42	22,9	24	23,8	5x5	M16x1,5	18	M8
28	j6	60	42	1	1,6	42	25,9	24	26,8	5x5	M20x1,5	22	M10
30	j6	80	58	1	2,5	58	27,1	36	28,2	5x5	M20x1,5	22	M10
32	k6	80	58	1	2,5	58	29,1	36	30,2	6x6	M20x1,5	22	M10
35	k6	80	58	1	2,5	58	32,1	36	33,2	6x6	M20x1,5	22	M10
36	k6	80	58	1	2,5	58	33,1	-	-	6x6	M20x1,5	-	M10
(38)	k6	80	58	1	2,5	58	35,1	36	36,2	6x6	M24x2	22	M12
40	k6	110	82	1	2,5	82	35,9	54	37,3	10x8	M24x2	28	M12
(42)	k6	110	82	1	2,5	82	37,9	54	39,3	10x8	M24x2	28	M12
45	k6	110	82	1	2,5	82	40,9	54	42,3	12x8	M30x2	28	M16
48	k6	110	82	1	2,5	82	43,9	54	45,3	12x8	M30x2	28	M16
50	k6	110	82	1	2,5	82	45,9	54	47,3	12x8	M36x3	28	M16
(53)	m6	110	82	1	2,5	82	47,9	-	-	14x9	M36x3	28	M20
55	m6	110	82	1,6	2,5	82	50,9	54	52,3	14x9	M36x3	28	M20
(56)	m6	110	82	1,6	2,5	82	51,9	54	53,3	14x9	M36x3	28	M20
60	m6	140	105	1,6	2,5	105	54,75	70	56,5	16x10	M42x3	35	M20
63	m6	140	105	1,6	2,5	105	57,75	70	59,5	16x10	M42x3	35	M20
(65)	m6	140	105	1,6	2,5	105	59,75	70	61,5	16x10	M42x3	35	M20
70	m6	140	105	1,6	4	105	64,75	70	66,5	18x11	M48x3	35	M24
71	m6	140	105	1,6	4	105	65,75	70	67,5	18x11	M48x3	35	M24
(75)	m6	140	105	1,6	4	105	69,75	70	71,5	18x11	M48x3	35	M24
80	m6	170	130	1,6	4	130	73,5	90	75,5	20x12	M56x4	40	M30
(85)	m6	170	130	1,6	4	130	78,5	90	80,5	20x12	M56x4	40	M30
90	m6	170	130	1,6	4	130	83,5	90	85,5	22x14	M64x4	40	M30
(95)	m6	170	130	2,5	4	130	88,5	90	90,5	22x14	M64x4	40	M36
100	m6	210	165	2,5	4	165	91,75	120	94,0	25x14	M72x4	45	M36
(105)	m6	210	165	2,55	4	165	96,75	120	99,0	25x14	M80x4	45	M36
110	m6	210	165	2,5	4	165	101,75	120	104,0	25x14	M80x4	45	M42
(120)	m6	210	165	2,5	6	165	111,75	120	114,0	28x16	M90x4	45	M42
125	m6	210	165	2,5	6	165	116,75	120	119,0	28x16	M90x4	45	M48
(130)	m6	250	200	2,5	6	200	120	150	122,5	28x16	M100x4	50	-
140	m6	250	200	2,5	6	200	130	150	132,5	32x18	M100x4	50	-
(150)	m6	250	200	4	6	200	140	150	142,5	32x18	M110x4	50	-
160	m6	300	240	4	6	240	148	180	151,0	36x20	M125x4	60	-
(170)	m6	300	240	4	6	240	158	180	161,0	36x20	M125x4	60	-
180	m6	300	240	4	6	240	168	180	171,0	40x22	M140x6	60	-
(190)	m6	350	280	4	6	280	176	210	179,5	40x22	M140x6	70	-
200	m6	350	280	4	6	280	186	210	189,5	40x22	M160x6	70	-
(210)	m6	350	280	4	10	280	196	210	199,5	45x25	M160x6	70	-
220	m6	350	280	4	10	280	206	210	209,5	45x25	M160x6	70	-
(240)	m6	410	330	4	10	330	223,5	-	-	50x28	M180x6	80	-
250	m6	410	330	4	10	330	233,5	-	-	50x28	M180x6	80	-
(260)	m6	140	330	4	10	330	243,5	-	-	50x28	M200x6	80	-
280	m6	470	380	4	10	380	261	-	-	56x32	M220x6	90	-
(300)	m6	470	380	4	10	380	281	-	-	63x32	M250x6	90	-
320	m6	470	380	4	10	380	301	-	-	63x32	M250x6	90	-
(340)	m6	550	450	6	10	450	317,5	-	-	70x36	M280x6	100	-
360	m6	550	450	6	10	450	337,5	-	-	70x36	M280x6	100	-
(380)	m6	550	450	6	10	450	357,5	-	-	70x36	M300x6	100	-
400	m6	650	540	6	10	540	373	-	-	80x40	M320x6	110	-
(420)	m6	650	540	6	16	540	393	-	-	80x40	M320x6	110	-
(440)	m6	650	540	6	16	540	413	-	-	80x40	M350x6	110	-
450	m6	650	540	6	16	540	423	-	-	90x45	M350x6	110	-
(460)	m6	650	540	6	16	540	433	-	-	90x45	M380x6	110	-
(480)	m6	650	540	6	16	540	453	-	-	90x45	M380x6	110	-
500	m6	650	540	6	16	540	473	-	-	90x45	M420x6	110	-
(530)	m6	800	680	6	16	680	496	-	-	100x50	M420x6	120	-
560	m6	800	680	6	16	680	526	-	-	100x50	M450x6	120	-
(600)	m6	800	680	6	16	680	566	-	-	100x50	M500x6	120	-
630	m6	800	680	6	16	680	596	-	-	100x50	M550x6	120	-
