7H	<i>ES</i>	+25	+28	+32	+36	+40	-	-
<i>El<sub>a</sub></i>	+9	+10	+12	+14	+15
<i>El</i>	0	0	0	0	0	-	-
9H	<i>ES</i>	+50	+56	+63	+71	+80	-	-
<i>El<sub>e</sub></i>	+18	+20	+23	+26	+30
<i>El</i>	0	0	0	0	0	-	-
11H	<i>ES</i>	+100	+112	+125	+140	+160	-	-
<i>El<sub>e</sub></i>	+37	+41	+45	+50	+60	-	-
<i>El</i>	0	0	0	0	0	-	-
7H	<i>ES</i>	-	+32	+36	+40	+45	+50	-
<i>El<sub>e</sub></i>	-	+12	+14	+15	+17	+18	-
<i>El</i>	-	0	0	0	0	0	-
9H	<i>ES</i>	-	+63	+71	+80	+90	+100	-
<i>El<sub>e</sub></i>	-	+23	+26	+30	+34	+37	-
<i>El</i>	-	0	0	0	0	0	-
11H	<i>ES</i>	-	+125	+140	+160	+180	+200	-
<i>El<sub>e</sub></i>	-	+45	+50	+60	+68	+75	-
<i>El</i>	-	0	0	0	0	0	-
7H	<i>ES</i>	-	-	+40	+45	+50	+56	+63
<i>El<sub>e</sub></i>	-	-	+15	+17	+18	+20	+23
<i>El</i>	-	-	0	0	0	0	0
9H	<i>ES</i>	-	-	+80	+90	+100	+112	+125
<i>El<sub>e</sub></i>	-	-	+30	+34	+37	+41	+45
<i>El</i>	-	-	0	0	0	0	0
11H	<i>ES</i>	-	-	+160	+180	+200	+224	+250
<i>El<sub>e</sub></i>	+60	+68	+75	+84	+90
<i>El</i>	-	-	0	0	0	0	0

7f	<i>es</i>	-16	-18	-20	-22	-25	-	-
<i>es<sub>e</sub></i>	-24	-28	-32	-36	-40	-	-
<i>ei</i>	-41	-46	-52	-58	-65	-	-
7h	<i>es</i>	0	0	0	0	0	-	-
<i>es<sub>e</sub></i>	-9	-10	-12	-14	-15	-	-
<i>ei</i>	-25	-28	-32	-36	-40	-	-
7n	<i>es</i>	+32	+36	+40	+44	+50	-	-
<i>es<sub>e</sub></i>	+23	+26	+28	+30	+35	-	-
<i>ei</i>	+7	+8	+8	+8	+10	-	-
8f	<i>es</i>	-16	-18	-20	-22	-25	-	-
<i>es<sub>e</sub></i>	-30	-33	-37	-40	-45	-	-
<i>ei</i>	-32	-58	-65	-72	-81	-	-
8k	<i>es</i>	+16	+18	+20	+22	+25	-	-
<i>es<sub>e</sub></i>	+2	+3	+3	+4	+5	-	-
<i>ei</i>	-20	-22	-25	-28	-31	-	-
8p	<i>es</i>	+48	+54	+60	+66	+75	-	-
<i>es<sub>e</sub></i>	+34	+39	+43	+48	+55	-	-
<i>ei</i>	+12	+14	+15	+16	+19	-	-
9d	<i>es</i>	-32	-36	-40	-44	-50	-	-
<i>es<sub>e</sub></i>	-50	-56	-63	-70	-80	-	-
<i>ei</i>	-82	-92	-103	-115	-130	-	-
9g	<i>es</i>	-8	-9	-10	-11	-12	-	-
<i>es<sub>e</sub></i>	-26	-29	-33	-37	-42	-	-
<i>ei</i>	-58	-65	-73	-82	-92	-	-
9h	<i>es</i>	0	0	0	0	0	-	-
<i>es<sub>e</sub></i>	-18	-20	-23	-26	-30	-	-
<i>ei</i>	-50	-56	-63	-71	80	-	-
10d	<i>es</i>	-32	-36	-40	-44	-50	-	-
<i>es<sub>e</sub></i>	-58	-66	-74	-81	-91	-	-
<i>ei</i>	-102	-116	-130	-144	-162	-	-
11a	<i>es</i>	-80	-90	-100	-110	-125	-	-
<i>es<sub>e</sub></i>	-117	-131	-145	-160	-185	-	-
<i>ei</i>	-180	-202	-225	-250	-285	-	-
11c	<i>es</i>	-48	-54	-60	-66	-75	-	-
<i>es<sub>e</sub></i>	-85	-95	-105	-116	-135	-	-
<i>ei</i>	-148	-166	-185	-206	-235	-	-

7f	<i>es</i>	-	-20	-22	-25	-28	-32	-
<i>es<sub>e</sub></i>	-	-32	-36	-40	-45	-50	-
<i>ei</i>	-	-52	-52	-65	-73	-82	-
7h	<i>es</i>	-	0	0	0	0	0	-
<i>es<sub>e</sub></i>	-	-20	-22	-25	-28	-32	-
<i>ei</i>	-	-32	-36	-40	-45	-50	-

7n	<i>es</i>	-	+40	+44	+50	+56	+64	-
<i>es<sub>e</sub></i>	-	+28	+30	+35	+39	+46	-
<i>ei</i>	-	+8	+8	+10	+11	+14	-
8f	<i>es</i>	-	-20	-22	-25	-28	-32	-
<i>es<sub>e</sub></i>	-	-37	-40	-45	-51	-58	-
<i>ei</i>	-	-65	-72	-81	-91	-103	-
8k	<i>es</i>	-	+20	+22	+25	+28	+32	-
<i>es<sub>e</sub></i>	-	+3	+4	+5	+5	+6	-
<i>ei</i>	-	-25	-28	-31	-35	-39	-
8p	<i>es</i>	-	+60	+66	+75	+84	+96	-
<i>es<sub>e</sub></i>	-	+43	+48	+55	+61	+70	-
<i>ei</i>	-	+15	+16	+19	+21	+25
9d	<i>es</i>	-	-40	-44	-50	-56	-64	-
<i>es<sub>e</sub></i>	-	-63	-70	-80	-90	-101	-
<i>ei</i>	-	-103	-115	-130	-146	-164	-
9g	<i>es</i>	-	-10	-11	-12	-14	-16	-
<i>es<sub>e</sub></i>	-	-33	-37	-42	-48	-53	-
<i>ei</i>	-	-73	-82	-92	-104	-116	-
9h	<i>es</i>	-	0	0	0	0	0	-
<i>es<sub>e</sub></i>	-	-23	-26	-30	-34	-37	-
<i>ei</i>	-	-63	-71	-80	-90	-100	-
10d	<i>es</i>	-	-40	-44	-50	-56	-64	-
<i>es<sub>e</sub></i>	-	-74	-81	-91	-101	-114	-
<i>ei</i>	-	-130	-144	-162	-181	-204	-
11a	<i>es</i>	-	-100	-110	-125	-140	-160	-
<i>es<sub>e</sub></i>	-	-145	-160	-185	-208	-235	-
<i>ei</i>	-	-225	-250	-285	-320	-360
11c	<i>es</i>	-	-60	-66	-75	-84	-96	-
<i>es<sub>e</sub></i>	-	-105	-116	-135	-152	-171	-
<i>ei</i>	-	-185	-206	-235	-264	-296	-

7f	<i>es</i>	-	-	-25	-28	-32	-36	-40
<i>es<sub>e</sub></i>	-	-	-40	-45	-50	-56	-63
<i>ei</i>	-	-	-65	-73	-82	-92	-103
7h	<i>es</i>	-	-	0	0	0	0	0
<i>es<sub>e</sub></i>	-	-	-15	-17	-18	-20	-23
<i>ei</i>	-	-	-40	-45	-50	-56	-63
7n	<i>es</i>	-	-	+50	+56	+64	+72	+80
<i>es<sub>e</sub></i>	-	-	+35	+38	+46	+52	+57
<i>ei</i>	-	-	+10	+11	+14	+16	+17
8f	<i>es</i>	-	-	-25	-28	-32	-36	-40
<i>es<sub>e</sub></i>	-	-	-45	-51	-58	-66	-74
<i>ei</i>	-	-	-81	-91	-103	-116	-130
8k	<i>es</i>	-	-	-25	-28	-32	-36	-40
<i>es<sub>e</sub></i>	-	-	-45	-51	-58	-66	-74
<i>ei</i>	-	-	-81	-91	-103	-116	-130
8p	<i>es</i>	-	-	+75	+74	+96	+108	+120
<i>es<sub>e</sub></i>	-	-	+55	+61	+70	+78	+86
<i>ei</i>	-	-	+19	+21	+25	+28	+30
9d	<i>es</i>	-	-	-50	-56	-64	-72	-80
<i>es<sub>e</sub></i>	-	-	-80	-90	-101	-113	-125
<i>ei</i>	-	-	-130	-146	-164	-184	-205
9g	<i>es</i>	-	-	-12	-14	-16	-18	-20
<i>es<sub>e</sub></i>	-	-	-42	-48	-53	-59	-65
<i>ei</i>	-	-	-92	-104	-116	-130	-145
9h	<i>es</i>	-	-	0	0	0	0	0
<i>es<sub>e</sub></i>	-	-	-30	-34	-37	-41	-45
<i>ei</i>	-	-	-80	-90	-100	-112	-125
10d	<i>es</i>	-	-	-50	-56	-64	-72	-80
<i>es<sub>e</sub></i>	-	-	-91	-101	-114	-132	-148
<i>ei</i>	-	-	-162	-181	-204	-232	-260
11a	<i>es</i>	-	-	-125	-140	-160	-180	-200
<i>es<sub>e</sub></i>	-	-	-185	-208	-235	-264	-290
<i>ei</i>	-	-	-285	-320	-360	-404	-450
11c	<i>es</i>	-	-	-75	-84	-96	-108	-120
<i>es<sub>e</sub></i>	-	-	-135	-152	-171	-192	-210
<i>ei</i>	-	-	-235	-264	-296	-332	-370