8	1,5	8,000	8,300	7,250	6,200	6,500	Tr 8 × 1,5	1,5	-	-	-	-	-
8	(2)	8,000	8,500	7,000	5,500	6,000	Tr 8 × 2	2	-	-	-	-	-
9	1,5	9,000	9,300	8,250	7,200	7,500	Tr 9 × 1,5	1,5	-	-	-	-	-
9	2	9,000	9,500	8,000	6,500	7,000	Tr 9 × 2	2	-	-	-	-	-
10	1,5	10,000	10,300	9,250	8,200	8,500	Tr 10 × 1,5	1,5	3	4,5	6	9	12
10	2	10,000	10,500	9,000	7,500	8,000	Tr 10 × 2	2	4	6	8	12	16
11	2	11,000	11,500	10,000	8,500	9,000	Tr 11 × 2	2	-	-	-	-	-
11	3	11,000	11,500	9,500	7,500	8,000	Tr 11 × 3	3	-	-	-	-	-
12	2	12,000	12,500	11,000	9,500	10,000	Tr 12 × 2	2	4	6	8	12	16
12	3	12,000	12,500	10,500	8,500	9,000	Tr 12 × 3	3	6	9	12	18	-
14	2	14,000	14,500	13,000	11,500	12,000	Tr 14 × 2	2	-	-	-	-	-
14	3	14,000	14,500	12,500	10,500	11,000	Tr 14 × 3	3	-	-	-	-	-
16	2	16,000	16,500	15,000	13,500	14,000	Tr 16 × 2	2	4	6	8	12	16
16	4	16,000	16,500	14,000	11,500	12,000	Tr 16 × 4	4	8	12	16	24	-
18	2	18,000	18,500	17,000	15,500	16,000	Tr 18 × 2	2	-	-	-	-	-
18	4	18,000	18,500	16,000	13,500	14,000	Tr 18 × 4	4	-	-	-	-	-
20	2	20,000	20,500	19,000	17,500	18,000	Tr 20 × 2	2	4	6	8	12	16
20	4	20,000	20,500	18,000	15,500	16,000	Tr 20 × 4	4	8	12	16	24	32
22	(2)	22,000	22,500	21,000	19,500	20,000	Tr 22 × 2	2	-	-	-	-	-
22	3	22,000	22,500	20,500	18,500	19,000	Tr 22 × 3	3	-	-	-	-	-
22	5	22,000	22,500	19,500	16,500	17,000	Tr 22 × 5	5	-	-	-	-	-
22	8	22,000	23,000	18,000	13,000	14,000	Tr 22 × 8	8	-	-	-	-	-
24	(2)	24,000	24,500	23,000	21,500	22,000	Tr 24 × 2	2	4	6	8	12	16
24	3	24,000	24,500	22,500	20,500	21,000	Tr 24 × 3	3	6	9	12	18	24
24	5	24,000	24,500	21,500	18,500	19,000	Tr 24 × 5	5	10	15	20	30	-
24	8	24,000	25,000	20,000	15,000	16,000	Tr 24 × 8	8	16	24	32	-	-
26	(2)	26,000	26,500	25,000	23,500	24,000	Tr 26 × 2	2	-	-	-	-	-
26	3	26,000	26,500	24,500	22,500	23,000	Tr 26 × 3	3	-	-	-	-	-
26	5	26,000	26,500	23,500	20,500	21,000	Tr 26 × 5	5	-	-	-	-	-
26	8	26,000	27,000	22,000	17,000	18,000	Tr 26 × 8	8	-	-	-	-	-
28	(2)	28,000	28,500	27,000	25,500	26,000	Tr 28 × 2	2	4	6	8	12	16
28	3	28,000	28,500	26,500	24,500	25,000	Tr 28 × 3	3	6	9	12	18	24
28	5	28,000	28,500	25,500	22,500	23,000	Tr 28 × 5	5	10	15	20	30	40
28	8	28,000	29,000	24,000	19,000	20,000	Tr 28 × 8	8	16	24	32	-	-
30	3	30,000	30,500	28,500	26,500	27,000	Tr 30 × 3	3	-	-	-	-	-
30	6	30,000	31,000	27,000	23,000	24,000	Tr 30 × 6	6	-	-	-	-	-
30	10	30,000	31,000	25,000	19,000	20,000	Tr 30 × 10	10	-	-	-	-	-
32	3	32,000	32,500	30,500	28,500	29,000	Tr 32 × 3	3	6	9	12	18	24
32	6	32,000	33,000	29,000	25,000	26,000	Tr 32 × 6	6	12	18	24	36	48
32	10	32,000	33,000	27,000	21,000	22,000	Tr 32 × 10	10	20	30	40	-	-
34	3	34,000	34,500	32,500	30,500	31,000	Tr 34 × 3	3	-	-	-	-	-
34	6	34,000	35,000	31,000	27,000	28,000	Tr 34 × 6	6	-	-	-	-	-
34	10	34,000	35,000	29,000	23,000	24,000	Tr 34 × 10	10	-	-	-	-	-
36	3	36,000	36,500	34,500	32,500	33,000	Tr 36 × 3	3	6	9	12	18	24
36	6	36,000	37,000	33,000	29,000	30,000	Tr 36 × 6	6	12	18	24	36	48
36	10	36,000	37,000	31,000	25,000	26,000	Tr 36 × 10	10	20	30	40	-	-
38	3	38,000	38,500	36,500	34,500	35,000	Tr 38 × 3	3	-	-	-	-	-
38	(6)	38,000	39,000	35,000	31,000	32,000	Tr 38 × 6	6	-	-	-	-	-
38	7	38,000	39,000	34,500	30,000	31,000	Tr 38 × 7	7	-	-	-	-	-
38	10	38,000	39,000	33,000	27,000	28,000	Tr 38 × 10	10	-	-	-	-	-
40	3	40,000	40,500	38,500	36,500	37,000	Tr 40 × 3	3	6	9	12	18	24
40	(6)	40,000	41,000	37,000	33,000	34,000	Tr 40 × 6	6	12	18	24	36	48
40	7	40,000	41,000	36,500	32,000	33,000	Tr 40 × 7	7	14	21	28	42	56
40	10	40,000	41,000	35,000	29,000	30,000	Tr 40 × 10	10	20	30	40	60	-
42	3	42,000	42,500	40,500	38,500	39,000	Tr 42 × 3	3	-	-	-	-	-
42	(6)	42,000	43,000	39,000	35,000	36,000	Tr 42 × 6	6	-	-	-	-	-
42	7	42,000	43,000	38,500	34,000	35,000	Tr 42 × 7	7	-	-	-	-	-
42	10	42,000	43,000	37,000	31,000	32,000	Tr 42 × 10	10	-	-	-	-	-
44	3	44,000	44,500	42,500	40,500	41,000	Tr 44 × 3	3	6	9	12	18	24
44	7	44,000					Tr 44 × 7	7	14	21	28	42	56
44	(8)	44,000					Tr 44 × 8	8	16	24	32	48	64
44	12	44,000					Tr 44 × 12	12	24	36	48	-	-
48	3						Tr 48 × 3	3	6	9	12	18	24
48	8						Tr 48 × 8	8	16	24	32	48	64
48	12						Tr 48 × 12	12	24	36	48	72	-
50	3						Tr 50 × 3	3	6	9	12	18	24
50	8						Tr 50 × 8	8	16	24	32	48	64
50	12						Tr 50 × 12	12	24	36	48	72	-
52	3						Tr 52 × 3	3	6	9	12	18	24
52	8						Tr 52 × 8	8	16	24	32	48	64
52	12						Tr 52 × 12	12	24	36	48	72	-
55	3						Tr 55 × 3	3	6	9	12	18	24
55	(8)						Tr 55 × 8	8	16	24	32	48	64
55	9						Tr 55 × 9	9	18	27	36	54	72
55	(12)						Tr 55 × 12	12	24	36	48	72	-
55	14						Tr 55 × 14	14	28	42	56	84	-
60	3						Tr 60 × 3	3	6	9	12	18	24
60	(8)						Tr 60 × 8	8	16	24	32	48	64
60	9						Tr 60 × 9	9	18	27	36	54	72
60	(12)						Tr 60 × 12	12	24	36	48	72	96
60	14						Tr 60 × 14	14	28	42	56	84	-
70	4						Tr 70 × 4	4	8	12	16	24	32
70	10						Tr 70 × 10	10	20	30	40	60	80
70	16						Tr 70 × 16	16	32	48	64	96	-
80	4						Tr 80 × 4	4	8	12	16	24	32
80	10						Tr 80 × 10	10	20	30	40	60	80
80	16						Tr 80 × 16	16	32	48	64	96	128
90	4						Tr 90 × 4	4	8	12	16	24	32
90	(5)						Tr 90 × 5	5	10	15	20	30	40
90	12						Tr 90 × 12	12	24	36	48	72	96
90	18						Tr 90 × 18	18	36	54	72	108	144
90	(20)						Tr 90 × 20	20	40	60	80	120	-
100	4						Tr 100 × 4	4	8	12	16	24	32
100	(5)						Tr 100 × 5	5	10	15	20	30	40
100	12						Tr 100 × 12	12	24	36	48	72	96
100	20						Tr 100 × 20	20	40	60	80	120	160
120	6						Tr 120 × 6	6	12	18	24	36	48
120	14						Tr 120 × 14	14	28	42	56	84	112
120	(16)						Tr 120 × 16	16	32	48	64	96	128
120	22						Tr 120 × 22	22	44	66	88	132	176
120	(24)						Tr 120 × 24	24	48	72	96	144	192
140	6						Tr 140 × 6	6	12	18	24	36	48
140	14						Tr 140 × 14	14	28	42	56	84	112
140	(16)						Tr 140 × 16	16	32	48	64	96	128
140	24						Tr 140 × 24	24	48	72	96	144	192
160	6						Tr 160 × 6	6	12	18	24	36	48
160	(8)						Tr 160 × 8	8	16	24	32	48	64
160	16						Tr 160 × 16	16	32	48	64	96	128
160	(24)						Tr 160 × 24	24	48	72	96	144	192
160	28						Tr 160 × 28	28	56	84	112	168	224
180	8						Tr 180 × 8	8	16	24	32	48	64
180	18						Tr 180 × 18	18	36	54	72	108	144
180	(20)						Tr 180 × 20	20	40	60	80	120	160
180	28						Tr 180 × 28	28	56	84	112	168	224
180	(32)						Tr 180 × 32	32	64	96	128	192	256
200	8						Tr 200 × 8	8	16	24	32	48	64
200	(10)						Tr 200 × 10	10	20	30	40	60	80
200	18						Tr 200 × 18	18	36	54	72	108	144
200	(20)						Tr 200 × 20	20	40	60	80	120	160
200	32						Tr 200 × 32	32	64	96	128	192	256
220	8						Tr 220 × 8	8	16	24	32	48	64
220	(10)						Tr 220 × 10	10	20	30	40	60	80
220	20						Tr 220 × 20	20	40	60	80	120	160
220	(32)						Tr 220 × 32	32	64	96	128	192	256
220	36						Tr 220 × 36	36	72	108	144	216	288
240	8						Tr 240 × 8	8	16	24	32	48	64
240	22						Tr 240 × 22	22	44	66	88	132	176
240	36						Tr 240 × 36	36	72	108	144	216	288
250	12						Tr 250 × 12	12	24	36	48	72	96
250	22						Tr 250 × 22	22	44	66	88	132	176
250	(24)						Tr 250 × 24	24	48	72	96	144	192
250	40						Tr 250 × 40	40	80	120	160	240	320
260	12						Tr 260 × 12	12	24	36	48	72	96
260	22						Tr 260 × 22	22	44	66	88	132	176
260	40						Tr 260 × 40	40	80	120	160	240	320
280	12						Tr 280 × 12	12	24	36	48	72	96
280	24						Tr 280 × 24	24	48	72	96	144	192
280	40						Tr 280 × 40	40	80	120	160	240	320
300	12						Tr 300 × 12	12	24	36	48	72	96
300	24						Tr 300 × 24	24	48	72	96	144	192
300	44						Tr 300 × 44	44	88	132	176	264	352
(320)	12						Tr 320 × 12	12	24	36	48	72	96
(320)	48						Tr 320 × 48	48	96	144	192	288	384
